,CA_1
lag_28,60419.97822761536
lag_35,14055.530902862549
lag_42,9342.774724960327
lag_49,8353.123265266418
lag_364,363231.5603122711
rmean_7,469670.13135910034
rmean_28,5345096.386413574
rmean_91,8078036.374540329
rstd_28,172132.25779533386
nz_28,67659.50011444092
nz_91,270589.34040641785
dow_mean_8w,3404340.711763382
sell_price,316395.2452507019
price_norm,205986.7492904663
price_chg_7d,13782.908447265625
age_days,201016.00534248352
dow,196944.29384422302
dom,39410.13463592529
month,148179.25202941895
event_1,93961.45721054077
event_type_1,1240.4758110046387
snap,2425.3080101013184
dept,192923.3261604309
cat,24358.693956375122
